,Mass (g),Motor mass (g),CG location (cm),Reference length (cm)
0,39330.0,12270.0,358.652,15.7
1,39330.0,12270.0,358.651,15.7
2,39330.0,12270.0,358.651,15.7
3,39330.0,12270.0,358.643,15.7
4,39320.0,12260.0,358.623,15.7
5,39310.0,12250.0,358.603,15.7
6,39300.0,12240.0,358.583,15.7
7,39290.0,12230.0,358.558,15.7
8,39280.0,12210.0,358.512,15.7
9,39260.0,12200.0,358.467,15.7
10,39240.0,12180.0,358.421,15.7
11,39220.0,12160.0,358.375,15.7
12,39200.0,12140.0,358.327,15.7
13,39180.0,12120.0,358.276,15.7
14,39160.0,12100.0,358.225,15.7
15,39140.0,12080.0,358.175,15.7
16,39130.0,12060.0,358.126,15.7
17,39110.0,12040.0,358.076,15.7
18,39090.0,12030.0,358.027,15.7
19,39070.0,12010.0,357.977,15.7
20,39050.0,11990.0,357.928,15.7
21,39030.0,11970.0,357.878,15.7
22,39010.0,11950.0,357.829,15.7
23,38990.0,11930.0,357.78,15.7
24,38970.0,11910.0,357.73,15.7
25,38950.0,11890.0,357.68,15.7
26,38930.0,11870.0,357.631,15.7
27,38920.0,11850.0,357.581,15.7
28,38900.0,11830.0,357.531,15.7
29,38880.0,11820.0,357.482,15.7
30,38860.0,11800.0,357.432,15.7
31,38840.0,11780.0,357.382,15.7
32,38820.0,11760.0,357.332,15.7
33,38800.0,11740.0,357.282,15.7
34,38780.0,11720.0,357.232,15.7
35,38760.0,11700.0,357.182,15.7
36,38740.0,11680.0,357.132,15.7
37,38720.0,11660.0,357.082,15.7
38,38710.0,11640.0,357.032,15.7
39,38690.0,11620.0,356.981,15.7
40,38670.0,11610.0,356.931,15.7
41,38650.0,11590.0,356.88,15.7
42,38630.0,11570.0,356.829,15.7
43,38600.0,11540.0,356.753,15.7
44,38560.0,11490.0,356.637,15.7
45,38490.0,11430.0,356.464,15.7
46,38390.0,11330.0,356.206,15.7
47,38300.0,11240.0,355.947,15.7
48,38200.0,11140.0,355.686,15.7
49,38100.0,11040.0,355.423,15.7
50,38010.0,10940.0,355.157,15.7
51,37910.0,10850.0,354.889,15.7
52,37810.0,10750.0,354.621,15.7
53,37710.0,10650.0,354.351,15.7
54,37620.0,10550.0,354.08,15.7
55,37520.0,10460.0,353.806,15.7
56,37420.0,10360.0,353.53,15.7
57,37320.0,10260.0,353.253,15.7
58,37220.0,10160.0,352.975,15.7
59,37120.0,10060.0,352.695,15.7
60,37030.0,9964.93,352.414,15.7
61,36930.0,9866.99,352.131,15.7
62,36830.0,9769.051,351.847,15.7
63,36730.0,9671.111,351.562,15.7
64,36630.0,9573.171,351.275,15.7
65,36540.0,9475.231,350.987,15.7
66,36440.0,9377.82,350.698,15.7
67,36340.0,9280.478,350.408,15.7
68,36240.0,9183.135,350.117,15.7
69,36150.0,9085.793,349.824,15.7
70,36050.0,8988.45,349.529,15.7
71,35950.0,8891.108,349.233,15.7
72,35860.0,8793.765,348.936,15.7
73,35760.0,8696.451,348.636,15.7
74,35660.0,8600.243,348.339,15.7
75,35570.0,8504.035,348.04,15.7
76,35470.0,8407.827,347.739,15.7
77,35370.0,8311.619,347.437,15.7
78,35280.0,8215.412,347.133,15.7
79,35180.0,8119.204,346.827,15.7
80,35090.0,8024.077,346.523,15.7
81,34990.0,7929.063,346.218,15.7
82,34900.0,7834.05,345.911,15.7
83,34800.0,7739.036,345.603,15.7
84,34710.0,7645.136,345.296,15.7
85,34610.0,7552.094,344.991,15.7
86,34520.0,7459.051,344.684,15.7
87,34430.0,7366.008,344.375,15.7
88,34340.0,7274.191,344.069,15.7
89,34250.0,7185.448,343.771,15.7
90,34160.0,7096.705,343.472,15.7
91,34070.0,7007.962,343.172,15.7
92,33980.0,6919.219,342.869,15.7
93,33890.0,6830.476,342.566,15.7
94,33800.0,6741.733,342.26,15.7
95,33710.0,6652.99,341.953,15.7
96,33630.0,6568.845,341.661,15.7
97,33550.0,6485.417,341.369,15.7
98,33460.0,6401.989,341.076,15.7
99,33380.0,6318.561,340.781,15.7
100,33300.0,6235.133,340.486,15.7
101,33210.0,6151.705,340.188,15.7
102,33130.0,6071.733,339.902,15.7
103,33060.0,5993.5,339.62,15.7
104,32980.0,5915.268,339.337,15.7
105,32900.0,5837.036,339.053,15.7
106,32820.0,5758.803,338.767,15.7
107,32740.0,5680.571,338.48,15.7
108,32670.0,5605.816,338.204,15.7
109,32590.0,5532.659,337.933,15.7
110,32520.0,5459.503,337.661,15.7
111,32450.0,5386.347,337.388,15.7
112,32370.0,5313.191,337.113,15.7
113,32300.0,5242.498,336.847,15.7
114,32230.0,5172.328,336.581,15.7
115,32170.0,5103.985,336.321,15.7
116,32100.0,5038.612,336.072,15.7
117,32040.0,4976.817,335.835,15.7
118,31980.0,4921.099,335.62,15.7
119,31940.0,4877.076,335.45,15.7
120,31900.0,4836.646,335.294,15.7
121,31870.0,4803.386,335.165,15.7
122,31850.0,4783.738,335.089,15.7
123,31830.0,4766.022,335.02,15.7
124,31820.0,4759.692,334.995,15.7
125,31820.0,4757.615,334.987,15.7
126,31820.0,4757.0,334.985,15.7
127,31820.0,4757.0,334.985,15.7
128,31820.0,4757.0,334.985,15.7
129,31820.0,4757.0,334.985,15.7
130,31820.0,4757.0,334.985,15.7
131,31820.0,4757.0,334.985,15.7
132,31820.0,4757.0,334.985,15.7
133,31820.0,4757.0,334.985,15.7
134,31820.0,4757.0,334.985,15.7
135,31820.0,4757.0,334.985,15.7
136,31820.0,4757.0,334.985,15.7
137,31820.0,4757.0,334.985,15.7
138,31820.0,4757.0,334.985,15.7
139,31820.0,4757.0,334.985,15.7
140,31820.0,4757.0,334.985,15.7
141,31820.0,4757.0,334.985,15.7
142,31820.0,4757.0,334.985,15.7
143,31820.0,4757.0,334.985,15.7
144,31820.0,4757.0,334.985,15.7
145,31820.0,4757.0,334.985,15.7
146,31820.0,4757.0,334.985,15.7
147,31820.0,4757.0,334.985,15.7
148,31820.0,4757.0,334.985,15.7
149,31820.0,4757.0,334.985,15.7
150,31820.0,4757.0,334.985,15.7
151,31820.0,4757.0,334.985,15.7
152,31820.0,4757.0,334.985,15.7
153,31820.0,4757.0,334.985,15.7
154,31820.0,4757.0,334.985,15.7
155,31820.0,4757.0,334.985,15.7
156,31820.0,4757.0,334.985,15.7
157,31820.0,4757.0,334.985,15.7
158,31820.0,4757.0,334.985,15.7
159,31820.0,4757.0,334.985,15.7
160,31820.0,4757.0,334.985,15.7
161,31820.0,4757.0,334.985,15.7
162,31820.0,4757.0,334.985,15.7
163,31820.0,4757.0,334.985,15.7
164,31820.0,4757.0,334.985,15.7
165,31820.0,4757.0,334.985,15.7
166,31820.0,4757.0,334.985,15.7
167,31820.0,4757.0,334.985,15.7
168,31820.0,4757.0,334.985,15.7
169,31820.0,4757.0,334.985,15.7
170,31820.0,4757.0,334.985,15.7
171,31820.0,4757.0,334.985,15.7
172,31820.0,4757.0,334.985,15.7
173,31820.0,4757.0,334.985,15.7
174,31820.0,4757.0,334.985,15.7
175,31820.0,4757.0,334.985,15.7
176,31820.0,4757.0,334.985,15.7
177,31820.0,4757.0,334.985,15.7
178,31820.0,4757.0,334.985,15.7
179,31820.0,4757.0,334.985,15.7
180,31820.0,4757.0,334.985,15.7
181,31820.0,4757.0,334.985,15.7
182,31820.0,4757.0,334.985,15.7
183,31820.0,4757.0,334.985,15.7
184,31820.0,4757.0,334.985,15.7
185,31820.0,4757.0,334.985,15.7
186,31820.0,4757.0,334.985,15.7
187,31820.0,4757.0,334.985,15.7
188,31820.0,4757.0,334.985,15.7
189,31820.0,4757.0,334.985,15.7
190,31820.0,4757.0,334.985,15.7
191,31820.0,4757.0,334.985,15.7
192,31820.0,4757.0,334.985,15.7
193,31820.0,4757.0,334.985,15.7
194,31820.0,4757.0,334.985,15.7
195,31820.0,4757.0,334.985,15.7
196,31820.0,4757.0,334.985,15.7
197,31820.0,4757.0,334.985,15.7
198,31820.0,4757.0,334.985,15.7
199,31820.0,4757.0,334.985,15.7
200,31820.0,4757.0,334.985,15.7
201,31820.0,4757.0,334.985,15.7
202,31820.0,4757.0,334.985,15.7
203,31820.0,4757.0,334.985,15.7
204,31820.0,4757.0,334.985,15.7
205,31820.0,4757.0,334.985,15.7
206,31820.0,4757.0,334.985,15.7
207,31820.0,4757.0,334.985,15.7
208,31820.0,4757.0,334.985,15.7
209,31820.0,4757.0,334.985,15.7
210,31820.0,4757.0,334.985,15.7
211,31820.0,4757.0,334.985,15.7
212,31820.0,4757.0,334.985,15.7
213,31820.0,4757.0,334.985,15.7
214,31820.0,4757.0,334.985,15.7
215,31820.0,4757.0,334.985,15.7
216,31820.0,4757.0,334.985,15.7
217,31820.0,4757.0,334.985,15.7
218,31820.0,4757.0,334.985,15.7
219,31820.0,4757.0,334.985,15.7
220,31820.0,4757.0,334.985,15.7
221,31820.0,4757.0,334.985,15.7
222,31820.0,4757.0,334.985,15.7
223,31820.0,4757.0,334.985,15.7
224,31820.0,4757.0,334.985,15.7
225,31820.0,4757.0,334.985,15.7
226,31820.0,4757.0,334.985,15.7
227,31820.0,4757.0,334.985,15.7
228,31820.0,4757.0,334.985,15.7
229,31820.0,4757.0,334.985,15.7
230,31820.0,4757.0,334.985,15.7
231,31820.0,4757.0,334.985,15.7
232,31820.0,4757.0,334.985,15.7
233,31820.0,4757.0,334.985,15.7
234,31820.0,4757.0,334.985,15.7
235,31820.0,4757.0,334.985,15.7
236,31820.0,4757.0,334.985,15.7
237,31820.0,4757.0,334.985,15.7
238,31820.0,4757.0,334.985,15.7
239,31820.0,4757.0,334.985,15.7
240,31820.0,4757.0,334.985,15.7
241,31820.0,4757.0,334.985,15.7
242,31820.0,4757.0,334.985,15.7
243,31820.0,4757.0,334.985,15.7
244,31820.0,4757.0,334.985,15.7
245,31820.0,4757.0,334.985,15.7
246,31820.0,4757.0,334.985,15.7
247,31820.0,4757.0,334.985,15.7
248,31820.0,4757.0,334.985,15.7
249,31820.0,4757.0,334.985,15.7
250,31820.0,4757.0,334.985,15.7
251,31820.0,4757.0,334.985,15.7
252,31820.0,4757.0,334.985,15.7
253,31820.0,4757.0,334.985,15.7
254,31820.0,4757.0,334.985,15.7
255,31820.0,4757.0,334.985,15.7
256,31820.0,4757.0,334.985,15.7
257,31820.0,4757.0,334.985,15.7
258,31820.0,4757.0,334.985,15.7
259,31820.0,4757.0,334.985,15.7
260,31820.0,4757.0,334.985,15.7
261,31820.0,4757.0,334.985,15.7
262,31820.0,4757.0,334.985,15.7
263,31820.0,4757.0,334.985,15.7
264,31820.0,4757.0,334.985,15.7
265,31820.0,4757.0,334.985,15.7
266,31820.0,4757.0,334.985,15.7
267,31820.0,4757.0,334.985,15.7
268,31820.0,4757.0,334.985,15.7
269,31820.0,4757.0,334.985,15.7
270,31820.0,4757.0,334.985,15.7
271,31820.0,4757.0,334.985,15.7
272,31820.0,4757.0,334.985,15.7
273,31820.0,4757.0,334.985,15.7
274,31820.0,4757.0,334.985,15.7
275,31820.0,4757.0,334.985,15.7
276,31820.0,4757.0,334.985,15.7
277,31820.0,4757.0,334.985,15.7
278,31820.0,4757.0,334.985,15.7
279,31820.0,4757.0,334.985,15.7
280,31820.0,4757.0,334.985,15.7
281,31820.0,4757.0,334.985,15.7
282,31820.0,4757.0,334.985,15.7
283,31820.0,4757.0,334.985,15.7
284,31820.0,4757.0,334.985,15.7
285,31820.0,4757.0,334.985,15.7
286,31820.0,4757.0,334.985,15.7
287,31820.0,4757.0,334.985,15.7
288,31820.0,4757.0,334.985,15.7
289,31820.0,4757.0,334.985,15.7
290,31820.0,4757.0,334.985,15.7
291,31820.0,4757.0,334.985,15.7
292,31820.0,4757.0,334.985,15.7
293,31820.0,4757.0,334.985,15.7
294,31820.0,4757.0,334.985,15.7
295,31820.0,4757.0,334.985,15.7
296,31820.0,4757.0,334.985,15.7
297,31820.0,4757.0,334.985,15.7
298,31820.0,4757.0,334.985,15.7
299,31820.0,4757.0,334.985,15.7
300,31820.0,4757.0,334.985,15.7
301,31820.0,4757.0,334.985,15.7
302,31820.0,4757.0,334.985,15.7
303,31820.0,4757.0,334.985,15.7
304,31820.0,4757.0,334.985,15.7
305,31820.0,4757.0,334.985,15.7
306,31820.0,4757.0,334.985,15.7
307,31820.0,4757.0,334.985,15.7
308,31820.0,4757.0,334.985,15.7
309,31820.0,4757.0,334.985,15.7
310,31820.0,4757.0,334.985,15.7
311,31820.0,4757.0,334.985,15.7
312,31820.0,4757.0,334.985,15.7
313,31820.0,4757.0,334.985,15.7
314,31820.0,4757.0,334.985,15.7
315,31820.0,4757.0,334.985,15.7
316,31820.0,4757.0,334.985,15.7
317,31820.0,4757.0,334.985,15.7
318,31820.0,4757.0,334.985,15.7
319,31820.0,4757.0,334.985,15.7
320,31820.0,4757.0,334.985,15.7
321,31820.0,4757.0,334.985,15.7
322,31820.0,4757.0,334.985,15.7
323,31820.0,4757.0,334.985,15.7
324,31820.0,4757.0,334.985,15.7
325,31820.0,4757.0,334.985,15.7
326,31820.0,4757.0,334.985,15.7
327,31820.0,4757.0,334.985,15.7
328,31820.0,4757.0,334.985,15.7
329,31820.0,4757.0,334.985,15.7
330,31820.0,4757.0,334.985,15.7
331,31820.0,4757.0,334.985,15.7
332,31820.0,4757.0,334.985,15.7
333,31820.0,4757.0,334.985,15.7
334,31820.0,4757.0,334.985,15.7
335,31820.0,4757.0,334.985,15.7
336,31820.0,4757.0,334.985,15.7
337,31820.0,4757.0,334.985,15.7
338,31820.0,4757.0,334.985,15.7
339,31820.0,4757.0,334.985,15.7
340,31820.0,4757.0,334.985,15.7
341,31820.0,4757.0,334.985,15.7
342,31820.0,4757.0,334.985,15.7
343,31820.0,4757.0,334.985,15.7
344,31820.0,4757.0,334.985,15.7
345,31820.0,4757.0,334.985,15.7
346,31820.0,4757.0,334.985,15.7
347,31820.0,4757.0,334.985,15.7
348,31820.0,4757.0,334.985,15.7
349,31820.0,4757.0,334.985,15.7
350,31820.0,4757.0,334.985,15.7
351,31820.0,4757.0,334.985,15.7
352,31820.0,4757.0,334.985,15.7
353,31820.0,4757.0,334.985,15.7
354,31820.0,4757.0,334.985,15.7
355,31820.0,4757.0,334.985,15.7
356,31820.0,4757.0,334.985,15.7
357,31820.0,4757.0,334.985,15.7
358,31820.0,4757.0,334.985,15.7
359,31820.0,4757.0,334.985,15.7
360,31820.0,4757.0,334.985,15.7
361,31820.0,4757.0,334.985,15.7
362,31820.0,4757.0,334.985,15.7
363,31820.0,4757.0,334.985,15.7
364,31820.0,4757.0,334.985,15.7
365,31820.0,4757.0,334.985,15.7
366,31820.0,4757.0,334.985,15.7
367,31820.0,4757.0,334.985,15.7
368,31820.0,4757.0,334.985,15.7
369,31820.0,4757.0,334.985,15.7
370,31820.0,4757.0,334.985,15.7
371,31820.0,4757.0,334.985,15.7
372,31820.0,4757.0,334.985,15.7
373,31820.0,4757.0,334.985,15.7
374,31820.0,4757.0,334.985,15.7
375,31820.0,4757.0,334.985,15.7
376,31820.0,4757.0,334.985,15.7
377,31820.0,4757.0,334.985,15.7
378,31820.0,4757.0,334.985,15.7
379,31820.0,4757.0,334.985,15.7
380,31820.0,4757.0,334.985,15.7
381,31820.0,4757.0,334.985,15.7
382,31820.0,4757.0,334.985,15.7
383,31820.0,4757.0,334.985,15.7
384,31820.0,4757.0,334.985,15.7
385,31820.0,4757.0,334.985,15.7
386,31820.0,4757.0,334.985,15.7
387,31820.0,4757.0,334.985,15.7
388,31820.0,4757.0,334.985,15.7
389,31820.0,4757.0,334.985,15.7
390,31820.0,4757.0,334.985,15.7
391,31820.0,4757.0,334.985,15.7
392,31820.0,4757.0,334.985,15.7
393,31820.0,4757.0,334.985,15.7
394,31820.0,4757.0,334.985,15.7
395,31820.0,4757.0,334.985,15.7
396,31820.0,4757.0,334.985,15.7
397,31820.0,4757.0,334.985,15.7
398,31820.0,4757.0,334.985,15.7
399,31820.0,4757.0,334.985,15.7
400,31820.0,4757.0,334.985,15.7
401,31820.0,4757.0,334.985,15.7
402,31820.0,4757.0,334.985,15.7
403,31820.0,4757.0,334.985,15.7
404,31820.0,4757.0,334.985,15.7
405,31820.0,4757.0,334.985,15.7
406,31820.0,4757.0,334.985,15.7
407,31820.0,4757.0,334.985,15.7
408,31820.0,4757.0,334.985,15.7
409,31820.0,4757.0,334.985,15.7
410,31820.0,4757.0,334.985,15.7
411,31820.0,4757.0,334.985,15.7
412,31820.0,4757.0,334.985,15.7
413,31820.0,4757.0,334.985,15.7
414,31820.0,4757.0,334.985,15.7
415,31820.0,4757.0,334.985,15.7
416,31820.0,4757.0,334.985,15.7
417,31820.0,4757.0,334.985,15.7
418,31820.0,4757.0,334.985,15.7
419,31820.0,4757.0,334.985,15.7
420,31820.0,4757.0,334.985,15.7
421,31820.0,4757.0,334.985,15.7
422,31820.0,4757.0,334.985,15.7
423,31820.0,4757.0,334.985,15.7
424,31820.0,4757.0,334.985,15.7
425,31820.0,4757.0,334.985,15.7
426,31820.0,4757.0,334.985,15.7
427,31820.0,4757.0,334.985,15.7
428,31820.0,4757.0,334.985,15.7
429,31820.0,4757.0,334.985,15.7
430,31820.0,4757.0,334.985,15.7
431,31820.0,4757.0,334.985,15.7
432,31820.0,4757.0,334.985,15.7
433,31820.0,4757.0,334.985,15.7
434,31820.0,4757.0,334.985,15.7
435,31820.0,4757.0,334.985,15.7
436,31820.0,4757.0,334.985,15.7
437,31820.0,4757.0,334.985,15.7
438,31820.0,4757.0,334.985,15.7
439,31820.0,4757.0,334.985,15.7
440,31820.0,4757.0,334.985,15.7
441,31820.0,4757.0,334.985,15.7
442,31820.0,4757.0,334.985,15.7
443,31820.0,4757.0,334.985,15.7
444,31820.0,4757.0,334.985,15.7
445,31820.0,4757.0,334.985,15.7
446,31820.0,4757.0,334.985,15.7
447,31820.0,4757.0,334.985,15.7
448,31820.0,4757.0,334.985,15.7
449,31820.0,4757.0,334.985,15.7
450,31820.0,4757.0,334.985,15.7
451,31820.0,4757.0,334.985,15.7
452,31820.0,4757.0,334.985,15.7
453,31820.0,4757.0,334.985,15.7
454,31820.0,4757.0,334.985,15.7
455,31820.0,4757.0,334.985,15.7
456,31820.0,4757.0,334.985,15.7
457,31820.0,4757.0,334.985,15.7
458,31820.0,4757.0,334.985,15.7
459,31820.0,4757.0,334.985,15.7
460,31820.0,4757.0,334.985,15.7
461,31820.0,4757.0,334.985,15.7
462,31820.0,4757.0,334.985,15.7
463,31820.0,4757.0,334.985,15.7
464,31820.0,4757.0,334.985,15.7
465,31820.0,4757.0,334.985,15.7
466,31820.0,4757.0,334.985,15.7
467,31820.0,4757.0,334.985,15.7
468,31820.0,4757.0,334.985,15.7
469,31820.0,4757.0,334.985,15.7
470,31820.0,4757.0,334.985,15.7
471,31820.0,4757.0,334.985,15.7
472,31820.0,4757.0,334.985,15.7
473,31820.0,4757.0,334.985,15.7
474,31820.0,4757.0,334.985,15.7
475,31820.0,4757.0,334.985,15.7
476,31820.0,4757.0,334.985,15.7
477,31820.0,4757.0,334.985,15.7
478,31820.0,4757.0,334.985,15.7
479,31820.0,4757.0,334.985,15.7
480,31820.0,4757.0,334.985,15.7
481,31820.0,4757.0,334.985,15.7
482,31820.0,4757.0,334.985,15.7
483,31820.0,4757.0,334.985,15.7
484,31820.0,4757.0,334.985,15.7
485,31820.0,4757.0,334.985,15.7
486,31820.0,4757.0,334.985,15.7
487,31820.0,4757.0,334.985,15.7
488,31820.0,4757.0,334.985,15.7
489,31820.0,4757.0,334.985,15.7
490,31820.0,4757.0,334.985,15.7
491,31820.0,4757.0,334.985,15.7
492,31820.0,4757.0,334.985,15.7
493,31820.0,4757.0,334.985,15.7
494,31820.0,4757.0,334.985,15.7
495,31820.0,4757.0,334.985,15.7
496,31820.0,4757.0,334.985,15.7
497,31820.0,4757.0,334.985,15.7
498,31820.0,4757.0,334.985,15.7
499,31820.0,4757.0,334.985,15.7
500,31820.0,4757.0,334.985,15.7
501,31820.0,4757.0,334.985,15.7
502,31820.0,4757.0,334.985,15.7
503,31820.0,4757.0,334.985,15.7
504,31820.0,4757.0,334.985,15.7
505,31820.0,4757.0,334.985,15.7
506,31820.0,4757.0,334.985,15.7
507,31820.0,4757.0,334.985,15.7
508,31820.0,4757.0,334.985,15.7
509,31820.0,4757.0,334.985,15.7
510,31820.0,4757.0,334.985,15.7
511,31820.0,4757.0,334.985,15.7
512,31820.0,4757.0,334.985,15.7
513,31820.0,4757.0,334.985,15.7
514,31820.0,4757.0,334.985,15.7
515,31820.0,4757.0,334.985,15.7
516,31820.0,4757.0,334.985,15.7
517,31820.0,4757.0,334.985,15.7
518,31820.0,4757.0,334.985,15.7
519,31820.0,4757.0,334.985,15.7
520,31820.0,4757.0,334.985,15.7
521,31820.0,4757.0,334.985,15.7
522,31820.0,4757.0,334.985,15.7
523,31820.0,4757.0,334.985,15.7
524,31820.0,4757.0,334.985,15.7
525,31820.0,4757.0,334.985,15.7
526,31820.0,4757.0,334.985,15.7
527,31820.0,4757.0,334.985,15.7
528,31820.0,4757.0,334.985,15.7
529,31820.0,4757.0,334.985,15.7
530,31820.0,4757.0,334.985,15.7
531,31820.0,4757.0,334.985,15.7
532,31820.0,4757.0,334.985,15.7
533,31820.0,4757.0,334.985,15.7
534,31820.0,4757.0,334.985,15.7
535,31820.0,4757.0,334.985,15.7
536,31820.0,4757.0,334.985,15.7
537,31820.0,4757.0,334.985,15.7
538,31820.0,4757.0,334.985,15.7
539,31820.0,4757.0,334.985,15.7
540,31820.0,4757.0,334.985,15.7
541,31820.0,4757.0,334.985,15.7
542,31820.0,4757.0,334.985,15.7
543,31820.0,4757.0,334.985,15.7
544,31820.0,4757.0,334.985,15.7
545,31820.0,4757.0,334.985,15.7
546,31820.0,4757.0,334.985,15.7
547,31820.0,4757.0,334.985,15.7
548,31820.0,4757.0,334.985,15.7
549,31820.0,4757.0,334.985,15.7
550,31820.0,4757.0,334.985,15.7
551,31820.0,4757.0,334.985,15.7
552,31820.0,4757.0,334.985,15.7
553,31820.0,4757.0,334.985,15.7
554,31820.0,4757.0,334.985,15.7
555,31820.0,4757.0,334.985,15.7
556,31820.0,4757.0,,
557,31820.0,4757.0,,
558,31820.0,4757.0,,
559,31820.0,4757.0,,
560,31820.0,4757.0,,
561,31820.0,4757.0,,
562,31820.0,4757.0,,
563,31820.0,4757.0,,
564,31820.0,4757.0,,
565,31820.0,4757.0,,
566,31820.0,4757.0,,
567,31820.0,4757.0,,
568,31820.0,4757.0,,
569,31820.0,4757.0,,
570,31820.0,4757.0,,
571,31820.0,4757.0,,
572,31820.0,4757.0,,
573,31820.0,4757.0,,
574,31820.0,4757.0,,
575,31820.0,4757.0,,
576,31820.0,4757.0,,
577,31820.0,4757.0,,
578,31820.0,4757.0,,
579,31820.0,4757.0,,
580,31820.0,4757.0,,
581,31820.0,4757.0,,
582,31820.0,4757.0,,
583,31820.0,4757.0,,
584,31820.0,4757.0,,
585,31820.0,4757.0,,
586,31820.0,4757.0,,
587,31820.0,4757.0,,
588,31820.0,4757.0,,
589,31820.0,4757.0,,
590,31820.0,4757.0,,
591,31820.0,4757.0,,
592,31820.0,4757.0,,
593,31820.0,4757.0,,
594,31820.0,4757.0,,
595,31820.0,4757.0,,
596,31820.0,4757.0,,
597,31820.0,4757.0,,
598,31820.0,4757.0,,
599,31820.0,4757.0,,
600,31820.0,4757.0,,
601,31820.0,4757.0,,
602,31820.0,4757.0,,
603,31820.0,4757.0,,
604,31820.0,4757.0,,
605,31820.0,4757.0,,
606,31820.0,4757.0,,
607,31820.0,4757.0,,
608,31820.0,4757.0,,
609,31820.0,4757.0,,
610,31820.0,4757.0,,
611,31820.0,4757.0,,
612,31820.0,4757.0,,
613,31820.0,4757.0,,
614,31820.0,4757.0,,
615,31820.0,4757.0,,
616,31820.0,4757.0,,
617,31820.0,4757.0,,
618,31820.0,4757.0,,
619,31820.0,4757.0,,
620,31820.0,4757.0,,
621,31820.0,4757.0,,
622,31820.0,4757.0,,
623,31820.0,4757.0,,
624,31820.0,4757.0,,
625,31820.0,4757.0,,
626,31820.0,4757.0,,
627,31820.0,4757.0,,
628,31820.0,4757.0,,
629,31820.0,4757.0,,
630,31820.0,4757.0,,
631,31820.0,4757.0,,
632,31820.0,4757.0,,
633,31820.0,4757.0,,
634,31820.0,4757.0,,
635,31820.0,4757.0,,
636,31820.0,4757.0,,
637,31820.0,4757.0,,
638,31820.0,4757.0,,
639,31820.0,4757.0,,
640,31820.0,4757.0,,
641,31820.0,4757.0,,
642,31820.0,4757.0,,
643,31820.0,4757.0,,
644,31820.0,4757.0,,
645,31820.0,4757.0,,
646,31820.0,4757.0,,
647,31820.0,4757.0,,
648,31820.0,4757.0,,
649,31820.0,4757.0,,
650,31820.0,4757.0,,
651,31820.0,4757.0,,
652,31820.0,4757.0,,
653,31820.0,4757.0,,
654,31820.0,4757.0,,
655,31820.0,4757.0,,
656,31820.0,4757.0,,
657,31820.0,4757.0,,
658,31820.0,4757.0,,
659,31820.0,4757.0,,
660,31820.0,4757.0,,
661,31820.0,4757.0,,
662,31820.0,4757.0,,
663,31820.0,4757.0,,
664,31820.0,4757.0,,
665,31820.0,4757.0,,
666,31820.0,4757.0,,
667,31820.0,4757.0,,
668,31820.0,4757.0,,
669,31820.0,4757.0,,
670,31820.0,4757.0,,
671,31820.0,4757.0,,
672,31820.0,4757.0,,
673,31820.0,4757.0,,
674,31820.0,4757.0,,
675,31820.0,4757.0,,
676,31820.0,4757.0,,
677,31820.0,4757.0,,
678,31820.0,4757.0,,
679,31820.0,4757.0,,
680,31820.0,4757.0,,
681,31820.0,4757.0,,
682,31820.0,4757.0,,
683,31820.0,4757.0,,
684,31820.0,4757.0,,
685,31820.0,4757.0,,
686,31820.0,4757.0,,
687,31820.0,4757.0,,
688,31820.0,4757.0,,
689,31820.0,4757.0,,
690,31820.0,4757.0,,
691,31820.0,4757.0,,
692,31820.0,4757.0,,
693,31820.0,4757.0,,
694,31820.0,4757.0,,
695,31820.0,4757.0,,
696,31820.0,4757.0,,
697,31820.0,4757.0,,
698,31820.0,4757.0,,
699,31820.0,4757.0,,
700,31820.0,4757.0,,
701,31820.0,4757.0,,
702,31820.0,4757.0,,
703,31820.0,4757.0,,
704,31820.0,4757.0,,
705,31820.0,4757.0,,
706,31820.0,4757.0,,
707,31820.0,4757.0,,
708,31820.0,4757.0,,
709,31820.0,4757.0,,
710,31820.0,4757.0,,
711,31820.0,4757.0,,
712,31820.0,4757.0,,
713,31820.0,4757.0,,
714,31820.0,4757.0,,
715,31820.0,4757.0,,
716,31820.0,4757.0,,
717,31820.0,4757.0,,
718,31820.0,4757.0,,
719,31820.0,4757.0,,
720,31820.0,4757.0,,
721,31820.0,4757.0,,
722,31820.0,4757.0,,
723,31820.0,4757.0,,
724,31820.0,4757.0,,
725,31820.0,4757.0,,
726,31820.0,4757.0,,
727,31820.0,4757.0,,
728,31820.0,4757.0,,
729,31820.0,4757.0,,
730,31820.0,4757.0,,
731,31820.0,4757.0,,
732,31820.0,4757.0,,
733,31820.0,4757.0,,
734,31820.0,4757.0,,
735,31820.0,4757.0,,
736,31820.0,4757.0,,
737,31820.0,4757.0,,
738,31820.0,4757.0,,
739,31820.0,4757.0,,
740,31820.0,4757.0,,
741,31820.0,4757.0,,
742,31820.0,4757.0,,
743,31820.0,4757.0,,
744,31820.0,4757.0,,
745,31820.0,4757.0,,
746,31820.0,4757.0,,
747,31820.0,4757.0,,
748,31820.0,4757.0,,
749,31820.0,4757.0,,
750,31820.0,4757.0,,
751,31820.0,4757.0,,
752,31820.0,4757.0,,
753,31820.0,4757.0,,
754,31820.0,4757.0,,
755,31820.0,4757.0,,
756,31820.0,4757.0,,
757,31820.0,4757.0,,
758,31820.0,4757.0,,
759,31820.0,4757.0,,
760,31820.0,4757.0,,
761,31820.0,4757.0,,
762,31820.0,4757.0,,
763,31820.0,4757.0,,
764,31820.0,4757.0,,
765,31820.0,4757.0,,
766,31820.0,4757.0,,
767,31820.0,4757.0,,
768,31820.0,4757.0,,
769,31820.0,4757.0,,
770,31820.0,4757.0,,
771,31820.0,4757.0,,
772,31820.0,4757.0,,
773,31820.0,4757.0,,
774,31820.0,4757.0,,
775,31820.0,4757.0,,
776,31820.0,4757.0,,
777,31820.0,4757.0,,
778,31820.0,4757.0,,
779,31820.0,4757.0,,
780,31820.0,4757.0,,
781,31820.0,4757.0,,
782,31820.0,4757.0,,
783,31820.0,4757.0,,
784,31820.0,4757.0,,
785,31820.0,4757.0,,
786,31820.0,4757.0,,
787,31820.0,4757.0,,
788,31820.0,4757.0,,
789,31820.0,4757.0,,
790,31820.0,4757.0,,
791,31820.0,4757.0,,
792,31820.0,4757.0,,
793,31820.0,4757.0,,
794,31820.0,4757.0,,
795,31820.0,4757.0,,
796,31820.0,4757.0,,
797,31820.0,4757.0,,
798,31820.0,4757.0,,
799,31820.0,4757.0,,
800,31820.0,4757.0,,
801,31820.0,4757.0,,
802,31820.0,4757.0,,
803,31820.0,4757.0,,
804,31820.0,4757.0,,
805,31820.0,4757.0,,
806,31820.0,4757.0,,
807,31820.0,4757.0,,
808,31820.0,4757.0,,
809,31820.0,4757.0,,
810,31820.0,4757.0,,
811,31820.0,4757.0,,
812,31820.0,4757.0,,
813,31820.0,4757.0,,
814,31820.0,4757.0,,
815,31820.0,4757.0,,
816,31820.0,4757.0,,
817,31820.0,4757.0,,
818,31820.0,4757.0,,
819,31820.0,4757.0,,
820,31820.0,4757.0,,
821,31820.0,4757.0,,
822,31820.0,4757.0,,
823,31820.0,4757.0,,
824,31820.0,4757.0,,
825,31820.0,4757.0,,
826,31820.0,4757.0,,
827,31820.0,4757.0,,
828,31820.0,4757.0,,
829,31820.0,4757.0,,
830,31820.0,4757.0,,
831,31820.0,4757.0,,
832,31820.0,4757.0,,
833,31820.0,4757.0,,
834,31820.0,4757.0,,
835,31820.0,4757.0,,
836,31820.0,4757.0,,
837,31820.0,4757.0,,
838,31820.0,4757.0,,
839,31820.0,4757.0,,
840,31820.0,4757.0,,
841,31820.0,4757.0,,
842,31820.0,4757.0,,
843,31820.0,4757.0,,
844,31820.0,4757.0,,
845,31820.0,4757.0,,
846,31820.0,4757.0,,
847,31820.0,4757.0,,
848,31820.0,4757.0,,
849,31820.0,4757.0,,
850,31820.0,4757.0,,
851,31820.0,4757.0,,
852,31820.0,4757.0,,
853,31820.0,4757.0,,
854,31820.0,4757.0,,
855,31820.0,4757.0,,
856,31820.0,4757.0,,
857,31820.0,4757.0,,
858,31820.0,4757.0,,
859,31820.0,4757.0,,
860,31820.0,4757.0,,
861,31820.0,4757.0,,
862,31820.0,4757.0,,
863,31820.0,4757.0,,
864,31820.0,4757.0,,
865,31820.0,4757.0,,
866,31820.0,4757.0,,
867,31820.0,4757.0,,
868,31820.0,4757.0,,
869,31820.0,4757.0,,
870,31820.0,4757.0,,
871,31820.0,4757.0,,
872,31820.0,4757.0,,
873,31820.0,4757.0,,
874,31820.0,4757.0,,
875,31820.0,4757.0,,
876,31820.0,4757.0,,
877,31820.0,4757.0,,
878,31820.0,4757.0,,
879,31820.0,4757.0,,
880,31820.0,4757.0,,
881,31820.0,4757.0,,
882,31820.0,4757.0,,
883,31820.0,4757.0,,
884,31820.0,4757.0,,
885,31820.0,4757.0,,
886,31820.0,4757.0,,
887,31820.0,4757.0,,
888,31820.0,4757.0,,
889,31820.0,4757.0,,
890,31820.0,4757.0,,
891,31820.0,4757.0,,
892,31820.0,4757.0,,
893,31820.0,4757.0,,
894,31820.0,4757.0,,
895,31820.0,4757.0,,
896,31820.0,4757.0,,
897,31820.0,4757.0,,
898,31820.0,4757.0,,
899,31820.0,4757.0,,
900,31820.0,4757.0,,
901,31820.0,4757.0,,
902,31820.0,4757.0,,
903,31820.0,4757.0,,
904,31820.0,4757.0,,
905,31820.0,4757.0,,
906,31820.0,4757.0,,
907,31820.0,4757.0,,
908,31820.0,4757.0,,
909,31820.0,4757.0,,
910,31820.0,4757.0,,
911,31820.0,4757.0,,
912,31820.0,4757.0,,
913,31820.0,4757.0,,
914,31820.0,4757.0,,
915,31820.0,4757.0,,
916,31820.0,4757.0,,
917,31820.0,4757.0,,
918,31820.0,4757.0,,
919,31820.0,4757.0,,
920,31820.0,4757.0,,
921,31820.0,4757.0,,
922,31820.0,4757.0,,
923,31820.0,4757.0,,
924,31820.0,4757.0,,
925,31820.0,4757.0,,
926,31820.0,4757.0,,
927,31820.0,4757.0,,
928,31820.0,4757.0,,
929,31820.0,4757.0,,
930,31820.0,4757.0,,
931,31820.0,4757.0,,
932,31820.0,4757.0,,
933,31820.0,4757.0,,
934,31820.0,4757.0,,
935,31820.0,4757.0,,
936,31820.0,4757.0,,
937,31820.0,4757.0,,
938,31820.0,4757.0,,
939,31820.0,4757.0,,
940,31820.0,4757.0,,
941,31820.0,4757.0,,
942,31820.0,4757.0,,
943,31820.0,4757.0,,
944,31820.0,4757.0,,
945,31820.0,4757.0,,
946,31820.0,4757.0,,
947,31820.0,4757.0,,
948,31820.0,4757.0,,
949,31820.0,4757.0,,
950,31820.0,4757.0,,
951,31820.0,4757.0,,
952,31820.0,4757.0,,
953,31820.0,4757.0,,
954,31820.0,4757.0,,
955,31820.0,4757.0,,
956,31820.0,4757.0,,
957,31820.0,4757.0,,
958,31820.0,4757.0,,
959,31820.0,4757.0,,
960,31820.0,4757.0,,
961,31820.0,4757.0,,
962,31820.0,4757.0,,
963,31820.0,4757.0,,
964,31820.0,4757.0,,
965,31820.0,4757.0,,
966,31820.0,4757.0,,
967,31820.0,4757.0,,
968,31820.0,4757.0,,
969,31820.0,4757.0,,
970,31820.0,4757.0,,
971,31820.0,4757.0,,
972,31820.0,4757.0,,
973,31820.0,4757.0,,
974,31820.0,4757.0,,
975,31820.0,4757.0,,
976,31820.0,4757.0,,
977,31820.0,4757.0,,
978,31820.0,4757.0,,
979,31820.0,4757.0,,
980,31820.0,4757.0,,
981,31820.0,4757.0,,
982,31820.0,4757.0,,
983,31820.0,4757.0,,
984,31820.0,4757.0,,
985,31820.0,4757.0,,
986,31820.0,4757.0,,
987,31820.0,4757.0,,
988,31820.0,4757.0,,
989,31820.0,4757.0,,
990,31820.0,4757.0,,
991,31820.0,4757.0,,
992,31820.0,4757.0,,
993,31820.0,4757.0,,
994,31820.0,4757.0,,
995,31820.0,4757.0,,
996,31820.0,4757.0,,
997,31820.0,4757.0,,
998,31820.0,4757.0,,
999,31820.0,4757.0,,
1000,31820.0,4757.0,,
1001,31820.0,4757.0,,
1002,31820.0,4757.0,,
1003,31820.0,4757.0,,
1004,31820.0,4757.0,,
1005,31820.0,4757.0,,
1006,31820.0,4757.0,,
1007,31820.0,4757.0,,
1008,31820.0,4757.0,,
1009,31820.0,4757.0,,
1010,31820.0,4757.0,,
1011,31820.0,4757.0,,
1012,31820.0,4757.0,,
1013,31820.0,4757.0,,
1014,31820.0,4757.0,,
1015,31820.0,4757.0,,
1016,31820.0,4757.0,,
1017,31820.0,4757.0,,
1018,31820.0,4757.0,,
1019,31820.0,4757.0,,
1020,31820.0,4757.0,,
1021,31820.0,4757.0,,
1022,31820.0,4757.0,,
1023,31820.0,4757.0,,
1024,31820.0,4757.0,,
1025,31820.0,4757.0,,
1026,31820.0,4757.0,,
1027,31820.0,4757.0,,
1028,31820.0,4757.0,,
1029,31820.0,4757.0,,
1030,31820.0,4757.0,,
1031,31820.0,4757.0,,
1032,31820.0,4757.0,,
1033,31820.0,4757.0,,
1034,31820.0,4757.0,,
1035,31820.0,4757.0,,
1036,31820.0,4757.0,,
1037,31820.0,4757.0,,
1038,31820.0,4757.0,,
1039,31820.0,4757.0,,
1040,31820.0,4757.0,,
1041,31820.0,4757.0,,
1042,31820.0,4757.0,,
1043,31820.0,4757.0,,
1044,31820.0,4757.0,,
1045,31820.0,4757.0,,
1046,31820.0,4757.0,,
1047,31820.0,4757.0,,
1048,31820.0,4757.0,,
1049,31820.0,4757.0,,
1050,31820.0,4757.0,,
1051,31820.0,4757.0,,
1052,31820.0,4757.0,,
1053,31820.0,4757.0,,
1054,31820.0,4757.0,,
1055,31820.0,4757.0,,
1056,31820.0,4757.0,,
1057,31820.0,4757.0,,
1058,31820.0,4757.0,,
1059,31820.0,4757.0,,
1060,31820.0,4757.0,,
1061,31820.0,4757.0,,
1062,31820.0,4757.0,,
1063,31820.0,4757.0,,
1064,31820.0,4757.0,,
1065,31820.0,4757.0,,
1066,31820.0,4757.0,,
1067,31820.0,4757.0,,
1068,31820.0,4757.0,,
1069,31820.0,4757.0,,
1070,31820.0,4757.0,,
1071,31820.0,4757.0,,
1072,31820.0,4757.0,,
1073,31820.0,4757.0,,
1074,31820.0,4757.0,,
1075,31820.0,4757.0,,
1076,31820.0,4757.0,,
1077,31820.0,4757.0,,
1078,31820.0,4757.0,,
1079,31820.0,4757.0,,
1080,31820.0,4757.0,,
1081,31820.0,4757.0,,
1082,31820.0,4757.0,,
1083,31820.0,4757.0,,
1084,31820.0,4757.0,,
1085,31820.0,4757.0,,
1086,31820.0,4757.0,,
1087,31820.0,4757.0,,
1088,31820.0,4757.0,,
1089,31820.0,4757.0,,
1090,31820.0,4757.0,,
1091,31820.0,4757.0,,
1092,31820.0,4757.0,,
1093,31820.0,4757.0,,
1094,31820.0,4757.0,,
1095,31820.0,4757.0,,
1096,31820.0,4757.0,,
1097,31820.0,4757.0,,
1098,31820.0,4757.0,,
1099,31820.0,4757.0,,
1100,31820.0,4757.0,,
1101,31820.0,4757.0,,
1102,31820.0,4757.0,,
1103,31820.0,4757.0,,
1104,31820.0,4757.0,,
1105,31820.0,4757.0,,
1106,31820.0,4757.0,,
1107,31820.0,4757.0,,
1108,31820.0,4757.0,,
1109,31820.0,4757.0,,
1110,31820.0,4757.0,,
1111,31820.0,4757.0,,
1112,31820.0,4757.0,,
1113,31820.0,4757.0,,
1114,31820.0,4757.0,,
1115,31820.0,4757.0,,
1116,31820.0,4757.0,,
1117,31820.0,4757.0,,
1118,31820.0,4757.0,,
1119,31820.0,4757.0,,
1120,31820.0,4757.0,,
1121,31820.0,4757.0,,
1122,31820.0,4757.0,,
1123,31820.0,4757.0,,
1124,31820.0,4757.0,,
1125,31820.0,4757.0,,
1126,31820.0,4757.0,,
1127,31820.0,4757.0,,
1128,31820.0,4757.0,,
1129,31820.0,4757.0,,
1130,31820.0,4757.0,,
1131,31820.0,4757.0,,
1132,31820.0,4757.0,,
